{
  "train": {
    "r2": 0.9731798182078499,
    "rmse": 59769.25432956303,
    "mae": 42430.240987721525,
    "mape": 0.09368676542498908,
    "bias": {
      "ME": 10.481313887376762,
      "MPE": 0.019147434527370624,
      "MdPE": 0.0023092105263157895,
      "over_rate": 0.5103731930079235
    },
    "yhat": null
  },
  "val": {
    "r2": 0.902168966723206,
    "rmse": 115157.98325620766,
    "mae": 63931.90367439171,
    "mape": 0.11933913638757065,
    "bias": {
      "ME": -995.6864986720357,
      "MPE": 0.025868319959306777,
      "MdPE": 0.005874447679695862,
      "over_rate": 0.5205620287868403
    },
    "yhat": null
  },
  "test": {
    "r2": 0.8983581408304647,
    "rmse": 121684.40028638499,
    "mae": 66294.96830914663,
    "mape": 0.12416834466556236,
    "bias": {
      "ME": -4995.197032550879,
      "MPE": 0.02380683246774709,
      "MdPE": 0.004166520016240904,
      "over_rate": 0.5101757631822387
    },
    "yhat": null
  }
}